,E00,E01,E02,Month,Day,travel,study,work,meal,recreation_etc
0,-0.9688757703287364,-0.3208624918646734,-0.0769859939241257,11,12,-671.0,0.0,433.0,0.0,168.0
1,0.3413799746326305,-0.1926179424753087,-0.1012788509885638,10,31,19.0,-445.0,294.0,0.0,0.0
