,E00,E01,E02,Month,Day,travel,work,meal,recreation_etc,hobby,entertainment,recreation_media,study,personal_care,household,communitiy_interaction,socialising
0,-5.845918370919904,-6.053920001577268,-5.96060821150364,11,27,0.0,160.0,-621.0,0.0,0.0,125.0,0.0,232.0,103.0,0.0,0.0,0.0
1,-3.5872305953073464,-3.846355754848673,-3.800244518784936,11,20,0.0,327.0,0.0,207.0,0.0,0.0,0.0,60.0,113.0,0.0,0.0,0.0
2,-4.190347167106395,-4.346552768875625,-4.2721803842140815,11,17,81.0,0.0,45.0,98.0,-570.0,75.0,125.0,0.0,0.0,0.0,0.0,0.0
3,5.136198355517351,5.515132931427516,5.560646492812055,11,16,145.0,-319.0,20.0,0.0,0.0,161.0,0.0,0.0,0.0,0.0,0.0,0.0
4,-2.211989031087654,-2.922189638081676,-2.857399777365501,11,26,0.0,286.0,0.0,0.0,0.0,0.0,0.0,0.0,0.0,0.0,298.0,0.0
5,4.046517795463913,4.361679285767238,4.216075876405512,11,25,0.0,0.0,0.0,-198.0,106.0,91.0,0.0,0.0,0.0,0.0,0.0,0.0
