,E00,E01,E02,Month,Day,travel,recreation_etc,personal_care,outdoor_act,work,study,meal,hobby,communitiy_interaction,entertainment
0,-2.6526484319362,-2.708546920587466,-2.7270912180618296,11,23,-165.0,0.0,0.0,101.0,0.0,0.0,0.0,0.0,0.0,0.0
1,1.579719648195379,1.2288965787848696,1.3194598352997673,11,28,460.0,0.0,0.0,0.0,0.0,158.0,-646.0,0.0,0.0,0.0
2,3.487988917639541,3.1591647190519865,3.2871183456455952,11,26,488.0,0.0,0.0,0.0,57.0,0.0,0.0,0.0,0.0,0.0
3,-6.413653828122662,-6.529335988010303,-6.531995783717051,11,20,246.0,0.0,80.0,0.0,-538.0,0.0,103.0,0.0,0.0,0.0
4,-5.129133299874027,-5.164497391684961,-5.187979648249325,11,22,35.0,0.0,132.0,0.0,282.0,0.0,-563.0,0.0,0.0,0.0
5,-3.5226780533586464,-3.786797659238204,-3.675218850034312,11,19,130.0,0.0,47.0,-647.0,256.0,192.0,0.0,0.0,0.0,0.0
6,-2.0402990743329923,-2.4261097994644274,-2.302715142550312,11,24,119.0,0.0,126.0,0.0,0.0,0.0,192.0,0.0,0.0,0.0
