,E00,E01,E02,Month,Day,work,recreation_etc,travel,meal,personal_care,study
0,-3.1181657410695607,-2.7162432006201698,-2.7704600564237865,11,4,0.0,320.0,191.0,50.0,0.0,0.0
1,1.062898679056261,1.2928551975419396,1.1912659920087378,11,2,577.0,32.0,45.0,-689.0,34.0,0.0
2,1.3433527810583854,1.6143607499589194,1.5494830154037516,11,2,577.0,32.0,45.0,-689.0,34.0,0.0
3,-1.6491005373514156,-1.5072709904138577,-1.5648237297632477,11,7,268.0,69.0,42.0,-395.0,0.0,0.0
4,-1.0981382770406043,-1.0626399810423095,-1.06963906299859,11,5,494.0,-544.0,49.0,0.0,0.0,0.0
5,-6.6016304922946745,-6.798543787865626,-6.709140424631144,11,9,-47.0,36.0,10.0,0.0,0.0,0.0
6,-0.0121450288758495,0.0645988334745908,0.0186822089930132,11,12,428.0,249.0,6.0,-684.0,0.0,0.0
7,0.8339601199944155,1.1778394965955528,1.1150035874870383,11,12,428.0,249.0,6.0,-684.0,0.0,0.0
8,-5.77109645331096,-5.840536069007555,-5.8556814315900425,11,8,-77.0,58.0,0.0,0.0,18.0,0.0
