,E00,E01,E02,Month,Day,work,travel,meal,study,recreation_etc
0,1.5339918199467348,1.1582311953746824,1.2667646196312887,11,8,112.0,0.0,0.0,-113.0,0.0
1,-0.2479214585354441,-1.204088837041155,-1.3502632253449605,11,2,0.0,19.0,22.0,527.0,0.0
2,1.84245037338367,1.4752804296000477,1.5768018947677689,11,1,96.0,32.0,154.0,373.0,0.0
