,E00,E01,E02,Month,Day,travel,work,meal,recreation_etc,outdoor_act
0,0.5479368673106535,0.6876784012500679,0.6325910977380005,11,4,0.0,301.0,0.0,53.0,0.0
1,1.04965382034716,0.8748671508454464,0.8902758140963698,11,5,0.0,459.0,0.0,0.0,0.0
2,0.6221435955592938,0.8427628039440549,0.7799585633126753,11,1,80.0,303.0,0.0,0.0,0.0
3,2.9781346279741854,2.707082625713994,2.758126568671756,11,2,-286.0,285.0,0.0,0.0,0.0
