,E00,E01,E02,Month,Day,work,meal,travel,personal_care,recreation_etc
0,0.9567575944057012,1.0158695245564076,0.9729726305880888,11,1,423.0,-651.0,167.0,78.0,0.0
1,2.510925313873713,2.6158029022575704,2.565472519597435,11,1,423.0,-651.0,167.0,78.0,0.0
2,3.84956153675482,3.605404550917811,3.64556220648258,11,3,0.0,109.0,-628.0,65.0,0.0
3,-1.471910872378558,-1.2319897730234146,-1.295866318922009,11,5,366.0,-653.0,159.0,13.0,37.0
